Date,PredictedActivePower
2020-03-15 00:00:00+00:00,422.42227
2020-03-16 00:00:00+00:00,431.47308
2020-03-17 00:00:00+00:00,433.11008
2020-03-18 00:00:00+00:00,433.90817
2020-03-19 00:00:00+00:00,440.4034
2020-03-20 00:00:00+00:00,558.19214
2020-03-21 00:00:00+00:00,484.5759
2020-03-22 00:00:00+00:00,457.0949
2020-03-23 00:00:00+00:00,509.2673
2020-03-24 00:00:00+00:00,398.49194
2020-03-25 00:00:00+00:00,482.48065
2020-03-26 00:00:00+00:00,539.0624
2020-03-27 00:00:00+00:00,465.7361
2020-03-28 00:00:00+00:00,468.2449
2020-03-29 00:00:00+00:00,425.04962
